Modelo,Acurácia (%),Precisão (%),Revocação (Recall) (%),F1-Score (%),AUC,Verdadeiro Negativo,Falso Positivo,Falso Negativo,Verdadeiro Positivo
Regressão Logística,80.91111111111111,69.86899563318777,24.10848819688599,35.847647498132936,0.715536686382773,6802,207,1511,480
Árvore de Decisão,72.35555555555555,38.40410639290714,41.3360120542441,39.81615868408321,0.613043257363228,5689,1320,1168,823
Random Forest,81.6,64.86246672582077,36.71521848317428,46.8890314304041,0.7552457667436119,6613,396,1260,731
XGBoost,81.64444444444445,64.70078057241977,37.46860873932697,47.45547073791349,0.7571105572164195,6602,407,1245,746
LightGBM,81.83333333333334,66.51205936920222,36.012054244098444,46.72531769305962,0.7756458493238119,6648,361,1274,717
